<?xml version="1.0" encoding="utf-8"?><bwFrame xmlns:xsi="http://www.w3.org/2001/XMLSchema-instance" xmlns:xsd="http://www.w3.org/2001/XMLSchema" default_layout="npnxnsnfns1110100101" textdirection="ltr" device="false" fontscale="100" kbshortcuts="false" skip_nav_enabled="true" outputtype="undefined"><layouts><layout name="npnxsnfns1110100101" font="Arial" controllayout="npnxsnfns1110100101" colorscheme="npnxnsnfns1110100101" string_table="npnxnsnfns1110100101" /><layout name="pxnsnfns1110100101" font="Arial" controllayout="pxnsnfns1110100101" colorscheme="npnxnsnfns1110100101" string_table="npnxnsnfns1110100101" /><layout name="npxnsnfns1110100101" font="Arial" controllayout="npxnsnfns1110100101" colorscheme="npnxnsnfns1110100101" string_table="npnxnsnfns1110100101" /><layout name="npnxnsnfns1110100101" font="Arial" controllayout="npnxnsnfns1110100101" colorscheme="npnxnsnfns1110100101" string_table="npnxnsnfns1110100101" /><layout name="pxnsnfns1110100100" font="Arial" controllayout="pxnsnfns1110100100" colorscheme="npnxnsnfns1110100101" string_table="npnxnsnfns1110100101" /></layouts><control_options><optiongroups><optiongroup name="sidebaroptions"><options><option name="title_enabled" value="false"><options><option name="title_text" value="Capitulo4-CD" /></options></option><option name="logo_enabled" value="false"><options /></option><option name="sidebar_enabled" value="false"><options><option name="sidebarpos" value="left" /></options></option><optionlist name="tabs"><listitems><listitem name="resources" value="true" group="linkright" /><listitem name="outline" value="false" group="sidebar" /><listitem name="glossary" value="false" group="sidebar" /><listitem name="transcript" value="false" group="sidebar" /></listitems></optionlist><option name="time_enabled" value="false"><options><option name="time_format" value="elapsed" /></options></option><option name="video_enabled" value="false"><options><option name="height" value="135" /></options></option></options></optiongroup><optiongroup name="menuoptions"><options><option name="flow" value="free" /><option name="wraplistitems" value="false" /><option name="tooltips" value="false" /><option name="autocollapse" value="false" /><option name="autonumber" value="false" /><option name="enableresultsicons" value="true" /></options></optiongroup><optiongroup name="controls"><options><option name="volume" value="true" /><option name="seekbar" value="true"><options><option name="readonly" value="false" /></options></option><option name="search" value="false" /><option name="pauseplay" value="true" /><option name="replay" value="true" /></options></optiongroup><optiongroup name="bottombaroptions"><options><option name="bottombar_enabled" value="true" /></options></optiongroup></optiongroups></control_options><control_layouts><control_layout name="npnxsnfns1110100101"><control name="volume" enabled="true" /><control name="seekbar" enabled="true" /><control name="replay" enabled="true" /><control name="pauseplay" enabled="true" /><control name="logo" enabled="true" /><control name="previous" enabled="false" /><control name="next" enabled="false" /><control name="submit" enabled="true" /><control name="finish" enabled="false" /><control name="submitall" enabled="false" /><control name="resources" enabled="true" /><control name="glossary" enabled="false" /><control name="transcript" enabled="false" /><control name="outline" enabled="false"><controls><control name="search" enabled="false" /></controls></control><control name="close_btn" enabled="true" /></control_layout><control_layout name="pxnsnfns1110100101"><control name="volume" enabled="true" /><control name="seekbar" enabled="true" /><control name="replay" enabled="true" /><control name="pauseplay" enabled="true" /><control name="logo" enabled="true" /><control name="previous" enabled="true" /><control name="next" enabled="true" /><control name="submit" enabled="false" /><control name="finish" enabled="false" /><control name="submitall" enabled="false" /><control name="resources" enabled="true" /><control name="glossary" enabled="false" /><control name="transcript" enabled="false" /><control name="outline" enabled="false"><controls><control name="search" enabled="false" /></controls></control><control name="close_btn" enabled="true" /></control_layout><control_layout name="npxnsnfns1110100101"><control name="volume" enabled="true" /><control name="seekbar" enabled="true" /><control name="replay" enabled="true" /><control name="pauseplay" enabled="true" /><control name="logo" enabled="true" /><control name="previous" enabled="false" /><control name="next" enabled="true" /><control name="submit" enabled="false" /><control name="finish" enabled="false" /><control name="submitall" enabled="false" /><control name="resources" enabled="true" /><control name="glossary" enabled="false" /><control name="transcript" enabled="false" /><control name="outline" enabled="false"><controls><control name="search" enabled="false" /></controls></control><control name="close_btn" enabled="true" /></control_layout><control_layout name="npnxnsnfns1110100101"><control name="volume" enabled="true" /><control name="seekbar" enabled="true" /><control name="replay" enabled="true" /><control name="pauseplay" enabled="true" /><control name="logo" enabled="true" /><control name="previous" enabled="false" /><control name="next" enabled="false" /><control name="submit" enabled="false" /><control name="finish" enabled="false" /><control name="submitall" enabled="false" /><control name="resources" enabled="true" /><control name="glossary" enabled="false" /><control name="transcript" enabled="false" /><control name="outline" enabled="false"><controls><control name="search" enabled="false" /></controls></control><control name="close_btn" enabled="true" /></control_layout><control_layout name="pxnsnfns1110100100"><control name="volume" enabled="true" /><control name="seekbar" enabled="true" /><control name="replay" enabled="true" /><control name="pauseplay" enabled="true" /><control name="logo" enabled="true" /><control name="previous" enabled="true" /><control name="next" enabled="true" /><control name="submit" enabled="false" /><control name="finish" enabled="false" /><control name="submitall" enabled="false" /><control name="resources" enabled="true" /><control name="glossary" enabled="false" /><control name="transcript" enabled="false" /><control name="outline" enabled="false"><controls><control name="search" enabled="false" /></controls></control><control name="close_btn" enabled="false" /></control_layout></control_layouts><colorschemes><colorscheme name="npnxnsnfns1110100101"><color_group name="infopanel"><group_colors><color name="link_text"><fill type="linear" rotation="90"><colors><color rgb="0x7C2280" alpha="100" stop="0" /></colors></fill></color><color name="link_hover"><fill type="linear" rotation="90"><colors><color rgb="0x0000EE" alpha="100" stop="0" /></colors></fill></color><color name="shadow"><fill type="linear" rotation="90"><colors><color rgb="0x254B00" alpha="100" stop="0" /></colors></fill></color><color name="bg"><fill type="linear" rotation="90"><colors><color rgb="0xFFFFFF" alpha="100" stop="0" /></colors></fill></color><color name="name_text"><fill type="linear" rotation="90"><colors><color rgb="0x444444" alpha="100" stop="0" /></colors></fill></color><color name="title_text"><fill type="linear" rotation="90"><colors><color rgb="0x999999" alpha="100" stop="0" /></colors></fill></color></group_colors></color_group><color_group name="infopanelpopup"><group_colors><color name="link_text"><fill type="linear" rotation="90"><colors><color rgb="0xFFFFFF" alpha="100" stop="0" /></colors></fill></color><color name="link_hover"><fill type="linear" rotation="90"><colors><color rgb="0x8AD94B" alpha="100" stop="0" /></colors></fill></color><color name="bg"><fill type="linear" rotation="90"><colors><color rgb="0x316300" alpha="100" stop="0" /><color rgb="0x274F00" alpha="100" stop="255" /></colors></fill></color><color name="shadow"><fill type="linear" rotation="90"><colors><color rgb="0xB8B8B8" alpha="100" stop="0" /></colors></fill></color><color name="name_text"><fill type="linear" rotation="90"><colors><color rgb="0xAFDD82" alpha="100" stop="0" /></colors></fill></color><color name="bio_text"><fill type="linear" rotation="90"><colors><color rgb="0xFFFFFF" alpha="100" stop="0" /></colors></fill></color></group_colors></color_group><color_group name="timer"><group_colors><color name="duration"><fill type="linear" rotation="90"><colors><color rgb="0x00D7FF" alpha="100" stop="0" /><color rgb="0x00ABFF" alpha="100" stop="255" /></colors></fill></color><color name="elapsed"><fill type="linear" rotation="90"><colors><color rgb="0xFEE347" alpha="100" stop="0" /><color rgb="0xFCCC2A" alpha="100" stop="255" /></colors></fill></color><color name="stroke"><fill type="linear" rotation="90"><colors><color rgb="0xC7C7C7" alpha="100" stop="0" /></colors></fill></color><color name="inner"><fill type="linear" rotation="90"><colors><color rgb="0xFFFFFF" alpha="100" stop="0" /></colors></fill></color><color name="text"><fill type="linear" rotation="90"><colors><color rgb="0xFFFFFF" alpha="100" stop="0" /></colors></fill></color></group_colors></color_group><color_group name="window"><group_colors><color name="text"><fill type="linear" rotation="90"><colors><color rgb="0xFFFFFF" alpha="100" stop="0" /></colors></fill></color><color name="inner"><fill type="linear" rotation="90"><colors><color rgb="0x316300" alpha="100" stop="0" /><color rgb="0x274F00" alpha="100" stop="255" /></colors></fill></color><color name="bg"><fill type="linear" rotation="90"><colors><color rgb="0x488A02" alpha="100" stop="0" /></colors></fill></color><color name="diva"><fill type="linear" rotation="90"><colors><color rgb="0x628B42" alpha="100" stop="0" /></colors></fill></color><color name="divb"><fill type="linear" rotation="90"><colors><color rgb="0x2A5400" alpha="100" stop="0" /></colors></fill></color><color name="shadow"><fill type="linear" rotation="90"><colors><color rgb="0x000000" alpha="20" stop="0" /></colors></fill></color></group_colors></color_group><color_group name="editor"><group_colors><color name="slide_text"><fill type="linear" rotation="90"><colors><color rgb="0xFFFFFF" alpha="100" stop="0" /></colors></fill></color><color name="html_text"><fill type="linear" rotation="90"><colors><color rgb="0xFFFFFF" alpha="100" stop="0" /></colors></fill></color><color name="btn_text_shadow"><fill type="linear" rotation="90"><colors><color rgb="0x244900" alpha="100" stop="0" /></colors></fill></color><color name="btn_text"><fill type="linear" rotation="90"><colors><color rgb="0xFFFFFF" alpha="100" stop="0" /></colors></fill></color><color name="btn_border"><fill type="linear" rotation="90"><colors><color rgb="0x214400" alpha="100" stop="0" /></colors></fill></color><color name="btn_hover"><fill type="linear" rotation="90"><colors><color rgb="0x428E00" alpha="100" stop="0" /><color rgb="0x224400" alpha="100" stop="255" /></colors></fill></color><color name="btn_down"><fill type="linear" rotation="90"><colors><color rgb="0x2E5D00" alpha="100" stop="0" /><color rgb="0x366D00" alpha="100" stop="255" /></colors></fill></color><color name="btn_bg"><fill type="linear" rotation="90"><colors><color rgb="0x3C7C00" alpha="100" stop="0" /><color rgb="0x295200" alpha="100" stop="255" /></colors></fill></color></group_colors></color_group><color_group name="listitem"><group_colors><color name="selected_text"><fill type="linear" rotation="90"><colors><color rgb="0xFFFFFF" alpha="100" stop="0" /></colors></fill></color><color name="shadow"><fill type="linear" rotation="90"><colors><color rgb="0x2A5400" alpha="100" stop="0" /></colors></fill></color><color name="selected"><fill type="linear" rotation="90"><colors><color rgb="0x3C8A01" alpha="100" stop="0" /></colors></fill></color><color name="text"><fill type="linear" rotation="90"><colors><color rgb="0xFFFFFF" alpha="100" stop="0" /></colors></fill></color><color name="viewed"><fill type="linear" rotation="90"><colors><color rgb="0x8AD94B" alpha="100" stop="0" /></colors></fill></color><color name="hover"><fill type="linear" rotation="90"><colors><color rgb="0x336700" alpha="100" stop="0" /></colors></fill></color><color name="lines"><fill type="linear" rotation="90"><colors><color rgb="0x356901" alpha="100" stop="0" /></colors></fill></color></group_colors></color_group><color_group name="glossary"><group_colors><color name="selected_text"><fill type="linear" rotation="90"><colors><color rgb="0xFFFFFF" alpha="100" stop="0" /></colors></fill></color><color name="selected"><fill type="linear" rotation="90"><colors><color rgb="0x3C8A01" alpha="100" stop="0" /></colors></fill></color><color name="text"><fill type="linear" rotation="90"><colors><color rgb="0xFFFFFF" alpha="100" stop="0" /></colors></fill></color><color name="hover"><fill type="linear" rotation="90"><colors><color rgb="0x356900" alpha="100" stop="0" /></colors></fill></color><color name="heading_text"><fill type="linear" rotation="90"><colors><color rgb="0xFFFFFF" alpha="100" stop="0" /></colors></fill></color><color name="diva"><fill type="linear" rotation="90"><colors><color rgb="0x2C5900" alpha="100" stop="0" /></colors></fill></color><color name="divb"><fill type="linear" rotation="90"><colors><color rgb="0x2C5900" alpha="100" stop="0" /></colors></fill></color><color name="divc"><fill type="linear" rotation="90"><colors><color rgb="0x418801" alpha="100" stop="0" /></colors></fill></color><color name="bg"><fill type="linear" rotation="90"><colors><color rgb="0x356B00" alpha="100" stop="0" /></colors></fill></color></group_colors></color_group><color_group name="resource"><group_colors><color name="separator"><fill type="linear" rotation="90"><colors><color rgb="0x356901" alpha="100" stop="0" /></colors></fill></color></group_colors></color_group><color_group name="outline"><group_colors><color name="search_hover"><fill type="linear" rotation="90"><colors><color rgb="0x8AD94B" alpha="100" stop="0" /></colors></fill></color><color name="search_text"><fill type="linear" rotation="90"><colors><color rgb="0x2D2D2D" alpha="100" stop="0" /></colors></fill></color><color name="divc"><fill type="linear" rotation="90"><colors><color rgb="0x356901" alpha="100" stop="0" /></colors></fill></color><color name="divb"><fill type="linear" rotation="90"><colors><color rgb="0x3F790A" alpha="100" stop="0" /></colors></fill></color><color name="diva"><fill type="linear" rotation="90"><colors><color rgb="0x2E5E00" alpha="100" stop="0" /></colors></fill></color></group_colors></color_group><color_group name="transcript"><group_colors><color name="heading_text"><fill type="linear" rotation="90"><colors><color rgb="0xFFFFFF" alpha="100" stop="0" /></colors></fill></color><color name="div"><fill type="linear" rotation="90"><colors><color rgb="0x356901" alpha="100" stop="0" /></colors></fill></color></group_colors></color_group><color_group name="tabs"><group_colors><color name="shadow"><fill type="linear" rotation="90"><colors><color rgb="0x214400" alpha="100" stop="0" /></colors></fill></color><color name="hover"><fill type="linear" rotation="90"><colors><color rgb="0xFFFFFF" alpha="100" stop="0" /></colors></fill></color><color name="selected"><fill type="linear" rotation="90"><colors><color rgb="0xFFFFFF" alpha="100" stop="0" /></colors></fill></color><color name="text"><fill type="linear" rotation="90"><colors><color rgb="0xAFDD82" alpha="100" stop="0" /></colors></fill></color><color name="bg"><fill type="linear" rotation="90"><colors><color rgb="0x3B7901" alpha="100" stop="0" /></colors></fill></color></group_colors></color_group><color_group name="seekcontrol"><group_colors><color name="btn_icon_color"><fill type="linear" rotation="90"><colors><color rgb="0xFFFFFF" alpha="100" stop="0" /></colors></fill></color><color name="seek_position"><fill type="linear" rotation="90"><colors><color rgb="0xFFFFFF" alpha="100" stop="0" /></colors></fill></color><color name="seek_bg"><fill type="linear" rotation="90"><colors><color rgb="0x2B5600" alpha="100" stop="0" /></colors></fill></color><color name="seek_border"><fill type="linear" rotation="90"><colors><color rgb="0x274F00" alpha="100" stop="0" /><color rgb="0x3C7C00" alpha="100" stop="255" /></colors></fill></color><color name="border"><fill type="linear" rotation="90"><colors><color rgb="0x214400" alpha="100" stop="0" /></colors></fill></color><color name="bg"><fill type="linear" rotation="90"><colors><color rgb="0x3C7C00" alpha="100" stop="0" /><color rgb="0x295300" alpha="100" stop="255" /></colors></fill></color><color name="btn_icon_hover"><fill type="linear" rotation="90"><colors><color rgb="0xC1ED96" alpha="100" stop="0" /></colors></fill></color><color name="btn_icon_shadow"><fill type="linear" rotation="90"><colors><color rgb="0x295400" alpha="100" stop="0" /></colors></fill></color></group_colors></color_group><color_group name="searchinput"><group_colors><color name="text_active"><fill type="linear" rotation="90"><colors><color rgb="0x2D2D2D" alpha="100" stop="0" /></colors></fill></color><color name="bg_active"><fill type="linear" rotation="90"><colors><color rgb="0xFFFFFF" alpha="100" stop="0" /></colors></fill></color><color name="search_text"><fill type="linear" rotation="90"><colors><color rgb="0x2D2D2D" alpha="100" stop="0" /></colors></fill></color><color name="hover_glow"><fill type="linear" rotation="90"><colors><color rgb="0x457E13" alpha="0" stop="0" /></colors></fill></color><color name="button_hover"><fill type="linear" rotation="90"><colors><color rgb="0x3F8500" alpha="100" stop="0" /><color rgb="0x2C5A00" alpha="100" stop="255" /></colors></fill></color><color name="icon"><fill type="linear" rotation="90"><colors><color rgb="0x2D2D2D" alpha="100" stop="0" /></colors></fill></color><color name="border"><fill type="linear" rotation="90"><colors><color rgb="0x387301" alpha="100" stop="0" /><color rgb="0x2A5500" alpha="100" stop="255" /></colors></fill></color><color name="bg"><fill type="linear" rotation="90"><colors><color rgb="0xFFFFFF" alpha="100" stop="0" /></colors></fill></color></group_colors></color_group><color_group name="scrollarea"><group_colors><color name="detailb"><fill type="linear" rotation="90"><colors><color rgb="0x6AA242" alpha="100" stop="0" /></colors></fill></color><color name="detaila"><fill type="linear" rotation="90"><colors><color rgb="0x2A5400" alpha="100" stop="0" /></colors></fill></color><color name="shadow"><fill type="linear" rotation="90"><colors><color rgb="0x275000" alpha="100" stop="0" /></colors></fill></color><color name="icons"><fill type="linear" rotation="90"><colors><color rgb="0xFFFFFF" alpha="100" stop="0" /></colors></fill></color><color name="button_border"><fill type="linear" rotation="90"><colors><color rgb="0x2A5500" alpha="100" stop="0" /></colors></fill></color><color name="button_inner"><fill type="linear" rotation="90"><colors><color rgb="0x4B8A16" alpha="100" stop="0" /><color rgb="0x3F6A16" alpha="100" stop="255" /></colors></fill></color><color name="button_bg"><fill type="linear" rotation="90"><colors><color rgb="0x3A7A00" alpha="100" stop="0" /><color rgb="0x2F5E00" alpha="100" stop="255" /></colors></fill></color><color name="border"><fill type="linear" rotation="90"><colors><color rgb="0x479901" alpha="100" stop="0" /></colors></fill></color><color name="bg"><fill type="linear" rotation="0"><colors><color rgb="0x366F00" alpha="100" stop="0" /><color rgb="0x3C7C00" alpha="100" stop="128" /></colors></fill></color></group_colors></color_group><color_group name="menu"><group_colors><color name="shadow"><fill type="linear" rotation="90"><colors><color rgb="0x275100" alpha="100" stop="0" /></colors></fill></color><color name="bg"><fill type="linear" rotation="90"><colors><color rgb="0x3B7901" alpha="100" stop="0" /></colors></fill></color></group_colors></color_group><color_group name="logo"><group_colors><color name="shadow"><fill type="linear" rotation="90"><colors><color rgb="0x254B00" alpha="100" stop="0" /></colors></fill></color><color name="bg"><fill type="linear" rotation="90"><colors><color rgb="0xFFFFFF" alpha="100" stop="0" /></colors></fill></color></group_colors></color_group><color_group name="checkbox"><group_colors><color name="hover"><fill type="linear" rotation="90"><colors><color rgb="0xAFDD82" alpha="100" stop="0" /></colors></fill></color><color name="text"><fill type="linear" rotation="90"><colors><color rgb="0xFFFFFF" alpha="100" stop="0" /></colors></fill></color><color name="check"><fill type="linear" rotation="90"><colors><color rgb="0x2BC400" alpha="100" stop="0" /></colors></fill></color><color name="bg"><fill type="linear" rotation="90"><colors><color rgb="0xFFFFFF" alpha="100" stop="0" /></colors></fill></color><color name="border"><fill type="linear" rotation="90"><colors><color rgb="0x2A5300" alpha="100" stop="0" /></colors></fill></color></group_colors></color_group><color_group name="button"><group_colors><color name="btn_icon_color"><fill type="linear" rotation="90"><colors><color rgb="0xFFFFFF" alpha="100" stop="0" /></colors></fill></color><color name="btn_text_shadow"><fill type="linear" rotation="90"><colors><color rgb="0x244900" alpha="100" stop="0" /></colors></fill></color><color name="btn_text"><fill type="linear" rotation="90"><colors><color rgb="0xFFFFFF" alpha="100" stop="0" /></colors></fill></color><color name="btn_border"><fill type="linear" rotation="90"><colors><color rgb="0x214400" alpha="100" stop="0" /></colors></fill></color><color name="btn_hover"><fill type="linear" rotation="90"><colors><color rgb="0x428E00" alpha="100" stop="0" /><color rgb="0x224400" alpha="100" stop="255" /></colors></fill></color><color name="btn_down"><fill type="linear" rotation="90"><colors><color rgb="0x2E5D00" alpha="100" stop="0" /><color rgb="0x366D00" alpha="100" stop="255" /></colors></fill></color><color name="btn_bg"><fill type="linear" rotation="90"><colors><color rgb="0x3C7C00" alpha="100" stop="0" /><color rgb="0x295200" alpha="100" stop="255" /></colors></fill></color><color name="btn_glow"><fill type="linear" rotation="90"><colors><color rgb="0xFFFFFF" alpha="10" stop="0" /></colors></fill></color></group_colors></color_group><color_group name="base"><group_colors><color name="text"><fill type="linear" rotation="90"><colors><color rgb="0xFFFFFF" alpha="100" stop="0" /></colors></fill></color><color name="diva"><fill type="linear" rotation="90"><colors><color rgb="0x2A5400" alpha="100" stop="0" /></colors></fill></color><color name="divb"><fill type="linear" rotation="90"><colors><color rgb="0x628B42" alpha="100" stop="0" /></colors></fill></color><color name="menu_shade"><fill type="linear" rotation="90"><colors><color rgb="0x2F5D00" alpha="100" stop="0" /><color rgb="0x254B00" alpha="100" stop="255" /></colors></fill></color><color name="border"><fill type="linear" rotation="90"><colors><color rgb="0x356A00" alpha="100" stop="0" /></colors></fill></color><color name="bg"><fill type="linear" rotation="90"><colors><color rgb="0x316300" alpha="100" stop="0" /><color rgb="0x274F00" alpha="100" stop="255" /></colors></fill></color><color name="slide_bg"><fill type="linear" rotation="90"><colors><color rgb="0x316300" alpha="100" stop="0" /><color rgb="0x274F00" alpha="100" stop="255" /></colors></fill></color></group_colors></color_group><color_group name="volume"><group_colors><color name="thumb_border"><fill type="linear" rotation="90"><colors><color rgb="0x2B5500" alpha="100" stop="0" /></colors></fill></color><color name="thumb_inner"><fill type="linear" rotation="90"><colors><color rgb="0x2B5500" alpha="100" stop="0" /></colors></fill></color><color name="thumb_bg"><fill type="linear" rotation="90"><colors><color rgb="0x295100" alpha="100" stop="0" /></colors></fill></color><color name="slider_border"><fill type="linear" rotation="90"><colors><color rgb="0x428C01" alpha="100" stop="0" /></colors></fill></color><color name="slider_bg"><fill type="linear" rotation="0"><colors><color rgb="0x377400" alpha="100" stop="0" /><color rgb="0x3D8200" alpha="100" stop="128" /><color rgb="0x377400" alpha="100" stop="255" /></colors></fill></color></group_colors></color_group></colorscheme></colorschemes><string_tables><string_table name="npnxnsnfns1110100101"><string id="prev">ANT</string><string id="next">SIG</string><string id="submit">ENVIAR</string><string id="outline">Menú</string><string id="resources">Recursos</string><string id="glossary">Glosario</string><string id="transcript">Notas</string><string id="clear">Borrar y volver al menú</string><string id="search_results">Resultados de la búsqueda</string><string id="filter">Filtro</string><string id="slide_text_chk">Texto Diapositiva</string><string id="transcript_chk">Notas</string><string id="search_in">Buscar en:</string><string id="check_include">De verificación para incluir</string><string id="search">Buscar ...</string><string id="terms">Condiciones</string><string id="definition">Definición</string><string id="acc_definition">definición</string><string id="acc_resources">los recursos</string><string id="acc_search_input">búsqueda</string><string id="acc_pause">pausa</string><string id="acc_play">jugar</string><string id="acc_replay">repetición</string><string id="acc_submit">presentar</string><string id="acc_next">siguiente</string><string id="acc_previous">siguiente</string><string id="acc_volume">volumen</string><string id="acc_skipnavigation">Omitir navegación. Presiona Aceptar para volver a la diapositiva.</string><string id="finish">FINALIZAR</string><string id="acc_finish">finalizar</string><string id="submitall">ENVIAR TODO</string><string id="acc_submitall">enviar todo</string><string id="question_list">Lista de preguntas</string><string id="more_info">Más información</string><string id="send_an_email">Enviar correo electrónico</string><string id="close">Cerrar</string><string id="bio">Biografía</string><string id="exit">Salir</string></string_table></string_tables><sounds enabled="false" /><nav_data><outline><links><slidelink slideid="_player.6qe9lCrkgri" displaytext="Escena sin título" expand="true" type="slide"><links><slidelink slideid="_player.6qe9lCrkgri.6EnpmiCVsxL" displaytext="Diapositiva sin título" expand="true" type="slide" /></links></slidelink><slidelink slideid="_player.5llkkzQx6TQ" displaytext="Hosts Virtuales" expand="true" type="slide"><links><slidelink slideid="_player.5llkkzQx6TQ.5xZ4UNeq1aD" displaytext="Diapositiva sin título" expand="true" type="slide" /><slidelink slideid="_player.5llkkzQx6TQ.5xeueTg9ZRS" displaytext="Timeline Interaction" expand="true" type="slide" /></links></slidelink></links></outline></nav_data><resource_data description="&lt;p align='left'&gt;&lt;font face='Arial' size='11' color='#FFFFFF'&gt;Estos son algunos enlaces y documentos &amp;#250;tiles:&lt;/font&gt;&lt;/p&gt;"><resources><resource url="story_content/external_files/SRI1617-UT3-Practica2.zip" image="story_content/5o5pqIpUjVH.png" title="SRI1617-UT3-Practica2" /><resource url="story_content/external_files/SRI1617-UT3-Practica1-IIS.pdf" image="story_content/6IU8eocHsij.png" title="SRI1617-UT3-Practica1-IIS" /></resources></resource_data><transcript_data /><glossary_data /></bwFrame>